sequence,pos,mut_type,count_rep1_no_sele,count_rep2_no_sele,count_rep3_no_sele,count_rep1_30,count_rep2_30,count_rep3_30,count_rep1_35,count_rep2_35,count_rep3_35
GMVWIVGGSSVYKEAMNHPGHLKLFVTRIMQDFESDTFFPE,111,ins,16,22,16,,,,,,
*VWIVGGSSVYKEAMNHPGHLKLFVTRIMQDFESDTFFPE,112,stop,2742,2656,2479,92.0,85.0,74.0,66.0,88.0,55.0
VWIVGGSSVYKEAMNHPGHLKLFVTRIMQDFESDTFFPE,112,del,3059,2966,2778,123.0,109.0,86.0,34.0,48.0,26.0
MGVWIVGGSSVYKEAMNHPGHLKLFVTRIMQDFESDTFFPE,112,ins,2476,2528,2347,38.0,32.0,44.0,36.0,25.0,20.0
MVGWIVGGSSVYKEAMNHPGHLKLFVTRIMQDFESDTFFPE,113,ins,3214,3125,3021,59.0,53.0,61.0,33.0,44.0,33.0
M*WIVGGSSVYKEAMNHPGHLKLFVTRIMQDFESDTFFPE,113,stop,3369,3370,3230,77.0,92.0,110.0,72.0,91.0,56.0
MVWIVGGSSVYKEAMNHPGHLKLFVTRIMQDFESDTFFPE,113,syn,2630,2725,2646,5173.0,5495.0,5351.0,6190.0,5406.0,3724.0
MWIVGGSSVYKEAMNHPGHLKLFVTRIMQDFESDTFFPE,113,del,3415,3188,2987,66.0,50.0,61.0,39.0,47.0,32.0
MV*IVGGSSVYKEAMNHPGHLKLFVTRIMQDFESDTFFPE,114,stop,2709,2831,2650,64.0,94.0,68.0,72.0,81.0,51.0
MVIVGGSSVYKEAMNHPGHLKLFVTRIMQDFESDTFFPE,114,del,2952,2713,2626,61.0,44.0,56.0,30.0,37.0,42.0
MVWGIVGGSSVYKEAMNHPGHLKLFVTRIMQDFESDTFFPE,114,ins,2407,2377,2313,40.0,35.0,47.0,20.0,29.0,11.0
MVWIVGGSSVYKEAMNHPGHLKLFVTRIMQDFESDTFFPE,115,syn,2912,2817,2851,5417.0,5345.0,5401.0,6147.0,5477.0,3636.0
MVWVGGSSVYKEAMNHPGHLKLFVTRIMQDFESDTFFPE,115,del,3304,3163,3009,69.0,73.0,70.0,55.0,48.0,39.0
MVW*VGGSSVYKEAMNHPGHLKLFVTRIMQDFESDTFFPE,115,stop,3312,3361,3111,92.0,87.0,97.0,87.0,77.0,67.0
MVWIGVGGSSVYKEAMNHPGHLKLFVTRIMQDFESDTFFPE,115,ins,3265,3245,3140,68.0,61.0,46.0,51.0,49.0,37.0
MVWIVGGSSVYKEAMNHPGHLKLFVTRIMQDFESDTFFPE,116,syn,2216,2327,2052,4203.0,4145.0,4225.0,4843.0,4125.0,2633.0
MVWIGGSSVYKEAMNHPGHLKLFVTRIMQDFESDTFFPE,116,del,2561,2459,2351,62.0,36.0,45.0,39.0,35.0,30.0
MVWI*GGSSVYKEAMNHPGHLKLFVTRIMQDFESDTFFPE,116,stop,2680,2615,2580,77.0,74.0,74.0,73.0,86.0,32.0
MVWIVGGSSVYKEAMNHPGHLKLFVTRIMQDFESDTFFPE,117,syn,3077,3137,2939,5511.0,5602.0,5469.0,6600.0,5548.0,3701.0
MVWIVGSSVYKEAMNHPGHLKLFVTRIMQDFESDTFFPE,117,del,5123,4816,4582,3575.0,3357.0,3353.0,113.0,125.0,88.0
MVWIV*GSSVYKEAMNHPGHLKLFVTRIMQDFESDTFFPE,117,stop,4024,4026,3815,115.0,108.0,163.0,131.0,141.0,83.0
MVWIVGGGSSVYKEAMNHPGHLKLFVTRIMQDFESDTFFPE,118,ins,7048,7005,6703,1590.0,1377.0,1426.0,102.0,107.0,77.0
MVWIVG*SSVYKEAMNHPGHLKLFVTRIMQDFESDTFFPE,118,stop,1041,1052,1025,27.0,32.0,22.0,28.0,28.0,21.0
MVWIVGGSSVYKEAMNHPGHLKLFVTRIMQDFESDTFFPE,118,syn,1419,1486,1442,2524.0,2351.0,2566.0,2904.0,2467.0,1745.0
MVWIVGGSSVYKEAMNHPGHLKLFVTRIMQDFESDTFFPE,119,syn,2935,3111,2866,5225.0,5325.0,5281.0,6194.0,5420.0,3620.0
MVWIVGG*SVYKEAMNHPGHLKLFVTRIMQDFESDTFFPE,119,stop,4672,4596,4402,139.0,150.0,129.0,141.0,114.0,94.0
MVWIVGGSGSVYKEAMNHPGHLKLFVTRIMQDFESDTFFPE,119,ins,2952,3113,2907,1416.0,1303.0,1347.0,36.0,42.0,26.0
MVWIVGGSVYKEAMNHPGHLKLFVTRIMQDFESDTFFPE,119,del,3587,3505,3443,2468.0,2359.0,2372.0,66.0,57.0,46.0
MVWIVGGSVYKEAMNHPGHLKLFVTRIMQDFESDTFFPE,120,del,3046,2894,2885,2071.0,2002.0,1925.0,50.0,68.0,37.0
MVWIVGGSSGVYKEAMNHPGHLKLFVTRIMQDFESDTFFPE,120,ins,2969,2967,2855,813.0,745.0,699.0,62.0,42.0,32.0
MVWIVGGSSVYKEAMNHPGHLKLFVTRIMQDFESDTFFPE,120,syn,2729,2659,2603,4802.0,4713.0,4967.0,5550.0,4809.0,3160.0
MVWIVGGS*VYKEAMNHPGHLKLFVTRIMQDFESDTFFPE,120,stop,3045,3126,3085,130.0,126.0,99.0,101.0,91.0,93.0
MVWIVGGSSYKEAMNHPGHLKLFVTRIMQDFESDTFFPE,121,del,2955,2646,2717,100.0,81.0,83.0,28.0,39.0,21.0
MVWIVGGSSVYKEAMNHPGHLKLFVTRIMQDFESDTFFPE,121,syn,2742,2541,2451,4706.0,4754.0,4804.0,5558.0,4758.0,3204.0
MVWIVGGSSVGYKEAMNHPGHLKLFVTRIMQDFESDTFFPE,121,ins,3213,3174,2957,59.0,45.0,47.0,50.0,41.0,35.0
MVWIVGGSS*YKEAMNHPGHLKLFVTRIMQDFESDTFFPE,121,stop,3564,3598,3450,114.0,103.0,107.0,93.0,94.0,82.0
MVWIVGGSSVYGKEAMNHPGHLKLFVTRIMQDFESDTFFPE,122,ins,2959,3097,2941,46.0,66.0,50.0,48.0,50.0,30.0
MVWIVGGSSVKEAMNHPGHLKLFVTRIMQDFESDTFFPE,122,del,3289,3130,3056,4838.0,4665.0,4782.0,3266.0,2825.0,1908.0
MVWIVGGSSV*KEAMNHPGHLKLFVTRIMQDFESDTFFPE,122,stop,4134,4221,3814,157.0,120.0,110.0,123.0,105.0,79.0
MVWIVGGSSVYKEAMNHPGHLKLFVTRIMQDFESDTFFPE,122,syn,3204,3303,3018,6340.0,6079.0,6032.0,7160.0,5968.0,4108.0
MVWIVGGSSVYKEAMNHPGHLKLFVTRIMQDFESDTFFPE,123,syn,3152,3113,2922,5468.0,5346.0,5535.0,6411.0,5653.0,3723.0
MVWIVGGSSVYKGEAMNHPGHLKLFVTRIMQDFESDTFFPE,123,ins,2713,2802,2591,53.0,44.0,39.0,40.0,24.0,30.0
MVWIVGGSSVY*EAMNHPGHLKLFVTRIMQDFESDTFFPE,123,stop,3635,3538,3399,101.0,92.0,84.0,120.0,80.0,72.0
MVWIVGGSSVYEAMNHPGHLKLFVTRIMQDFESDTFFPE,123,del,2650,2576,2447,1104.0,1026.0,1048.0,52.0,34.0,40.0
MVWIVGGSSVYKEAMNHPGHLKLFVTRIMQDFESDTFFPE,124,syn,3748,3872,3670,6929.0,6700.0,6655.0,7963.0,6327.0,4550.0
MVWIVGGSSVYKEGAMNHPGHLKLFVTRIMQDFESDTFFPE,124,ins,3748,3810,3593,78.0,62.0,63.0,46.0,46.0,34.0
MVWIVGGSSVYK*AMNHPGHLKLFVTRIMQDFESDTFFPE,124,stop,4382,4343,4192,177.0,138.0,134.0,149.0,120.0,88.0
MVWIVGGSSVYKAMNHPGHLKLFVTRIMQDFESDTFFPE,124,del,3717,3652,3481,290.0,223.0,243.0,52.0,61.0,38.0
MVWIVGGSSVYKEMNHPGHLKLFVTRIMQDFESDTFFPE,125,del,3561,3499,3307,77.0,59.0,60.0,50.0,48.0,34.0
MVWIVGGSSVYKEAGMNHPGHLKLFVTRIMQDFESDTFFPE,125,ins,3296,3467,3156,65.0,65.0,78.0,46.0,51.0,46.0
MVWIVGGSSVYKEAMNHPGHLKLFVTRIMQDFESDTFFPE,125,syn,3333,3221,3143,6017.0,5790.0,5610.0,6777.0,5925.0,3858.0
MVWIVGGSSVYKE*MNHPGHLKLFVTRIMQDFESDTFFPE,125,stop,4148,4084,3964,127.0,119.0,121.0,90.0,106.0,73.0
MVWIVGGSSVYKEAMGNHPGHLKLFVTRIMQDFESDTFFPE,126,ins,1779,1711,1734,2267.0,2383.0,2371.0,2191.0,1968.0,1307.0
MVWIVGGSSVYKEA*NHPGHLKLFVTRIMQDFESDTFFPE,126,stop,1990,1957,1900,70.0,62.0,45.0,51.0,58.0,42.0
MVWIVGGSSVYKEANHPGHLKLFVTRIMQDFESDTFFPE,126,del,1921,1829,1810,51.0,27.0,29.0,26.0,24.0,21.0
MVWIVGGSSVYKEAMNGHPGHLKLFVTRIMQDFESDTFFPE,127,ins,2311,2291,2216,3087.0,3151.0,3137.0,3045.0,2497.0,1743.0
MVWIVGGSSVYKEAMHPGHLKLFVTRIMQDFESDTFFPE,127,del,2952,2795,2780,71.0,50.0,45.0,46.0,43.0,23.0
MVWIVGGSSVYKEAM*HPGHLKLFVTRIMQDFESDTFFPE,127,stop,3171,3154,2994,82.0,108.0,90.0,74.0,94.0,58.0
MVWIVGGSSVYKEAMNHPGHLKLFVTRIMQDFESDTFFPE,127,syn,2755,2736,2592,4802.0,4868.0,4832.0,5672.0,4721.0,3400.0
MVWIVGGSSVYKEAMNPGHLKLFVTRIMQDFESDTFFPE,128,del,2246,2243,2072,42.0,33.0,49.0,42.0,40.0,13.0
MVWIVGGSSVYKEAMN*PGHLKLFVTRIMQDFESDTFFPE,128,stop,2564,2518,2481,67.0,74.0,69.0,58.0,60.0,36.0
MVWIVGGSSVYKEAMNHGPGHLKLFVTRIMQDFESDTFFPE,128,ins,2679,2699,2470,3899.0,3985.0,4133.0,4008.0,3577.0,2322.0
MVWIVGGSSVYKEAMNHPGHLKLFVTRIMQDFESDTFFPE,128,syn,2071,2051,2049,3611.0,3781.0,3769.0,4437.0,3766.0,2423.0
MVWIVGGSSVYKEAMNHPGHLKLFVTRIMQDFESDTFFPE,129,syn,2652,2609,2462,4626.0,4651.0,4526.0,5494.0,4661.0,3281.0
MVWIVGGSSVYKEAMNHGHLKLFVTRIMQDFESDTFFPE,129,del,3089,2852,2713,5150.0,4874.0,4877.0,5333.0,4675.0,3044.0
MVWIVGGSSVYKEAMNH*GHLKLFVTRIMQDFESDTFFPE,129,stop,2175,2093,2089,46.0,54.0,37.0,50.0,54.0,34.0
MVWIVGGSSVYKEAMNHPHLKLFVTRIMQDFESDTFFPE,130,del,3096,2925,2783,5560.0,5490.0,5629.0,6414.0,5648.0,3657.0
MVWIVGGSSVYKEAMNHPGGHLKLFVTRIMQDFESDTFFPE,130,ins,4883,4926,4780,7987.0,8122.0,7977.0,8932.0,7563.0,5134.0
MVWIVGGSSVYKEAMNHP*HLKLFVTRIMQDFESDTFFPE,130,stop,3171,3190,2886,101.0,97.0,103.0,77.0,70.0,57.0
MVWIVGGSSVYKEAMNHPGHLKLFVTRIMQDFESDTFFPE,130,syn,2613,2546,2503,4647.0,4563.0,4604.0,5296.0,4503.0,2930.0
MVWIVGGSSVYKEAMNHPGHLKLFVTRIMQDFESDTFFPE,131,syn,3822,3868,3566,6274.0,6730.0,6688.0,7744.0,6605.0,4644.0
MVWIVGGSSVYKEAMNHPGHGLKLFVTRIMQDFESDTFFPE,131,ins,2776,2870,2591,3935.0,4022.0,4068.0,4544.0,3946.0,2583.0
MVWIVGGSSVYKEAMNHPG*LKLFVTRIMQDFESDTFFPE,131,stop,3466,3515,3272,104.0,93.0,85.0,100.0,75.0,47.0
MVWIVGGSSVYKEAMNHPGLKLFVTRIMQDFESDTFFPE,131,del,3040,2969,2804,4648.0,4732.0,4674.0,5568.0,4775.0,3285.0
MVWIVGGSSVYKEAMNHPGHLKLFVTRIMQDFESDTFFPE,132,syn,3531,3519,3288,6604.0,6464.0,6555.0,7772.0,6521.0,4368.0
MVWIVGGSSVYKEAMNHPGHKLFVTRIMQDFESDTFFPE,132,del,3434,3350,3193,5677.0,5639.0,5572.0,6275.0,5431.0,3617.0
MVWIVGGSSVYKEAMNHPGH*KLFVTRIMQDFESDTFFPE,132,stop,3893,3741,3557,105.0,109.0,95.0,87.0,81.0,59.0
MVWIVGGSSVYKEAMNHPGHLGKLFVTRIMQDFESDTFFPE,132,ins,2770,2902,2826,4017.0,3935.0,3935.0,3634.0,3151.0,2140.0
MVWIVGGSSVYKEAMNHPGHLKGLFVTRIMQDFESDTFFPE,133,ins,2410,2407,2394,793.0,737.0,713.0,26.0,31.0,32.0
MVWIVGGSSVYKEAMNHPGHLLFVTRIMQDFESDTFFPE,133,del,3321,3306,3074,2448.0,2376.0,2327.0,210.0,225.0,131.0
MVWIVGGSSVYKEAMNHPGHL*LFVTRIMQDFESDTFFPE,133,stop,3402,3348,3053,103.0,101.0,88.0,75.0,80.0,51.0
MVWIVGGSSVYKEAMNHPGHLKLFVTRIMQDFESDTFFPE,133,syn,3047,3064,2958,5420.0,5598.0,5547.0,6553.0,5516.0,3829.0
MVWIVGGSSVYKEAMNHPGHLKLFVTRIMQDFESDTFFPE,134,syn,1736,1620,1558,3043.0,3077.0,3214.0,3625.0,3033.0,2144.0
MVWIVGGSSVYKEAMNHPGHLK*FVTRIMQDFESDTFFPE,134,stop,1883,1945,1788,49.0,57.0,49.0,44.0,39.0,40.0
MVWIVGGSSVYKEAMNHPGHLKLGFVTRIMQDFESDTFFPE,134,ins,1237,1264,1198,23.0,15.0,23.0,24.0,18.0,10.0
MVWIVGGSSVYKEAMNHPGHLKFVTRIMQDFESDTFFPE,134,del,1790,1784,1667,40.0,42.0,25.0,28.0,20.0,28.0
MVWIVGGSSVYKEAMNHPGHLKLFVTRIMQDFESDTFFPE,135,syn,3186,3118,3014,5072.0,5080.0,5383.0,6028.0,5337.0,3424.0
MVWIVGGSSVYKEAMNHPGHLKL*VTRIMQDFESDTFFPE,135,stop,3801,3607,3570,75.0,101.0,85.0,106.0,71.0,64.0
MVWIVGGSSVYKEAMNHPGHLKLFGVTRIMQDFESDTFFPE,135,ins,2877,2960,2739,47.0,51.0,42.0,34.0,36.0,30.0
MVWIVGGSSVYKEAMNHPGHLKLVTRIMQDFESDTFFPE,135,del,3071,3017,2865,67.0,59.0,38.0,35.0,38.0,35.0
MVWIVGGSSVYKEAMNHPGHLKLFVTRIMQDFESDTFFPE,136,syn,2776,2710,2505,5183.0,5019.0,5218.0,5948.0,5105.0,3347.0
MVWIVGGSSVYKEAMNHPGHLKLF*TRIMQDFESDTFFPE,136,stop,2292,2333,2250,59.0,48.0,58.0,47.0,52.0,39.0
MVWIVGGSSVYKEAMNHPGHLKLFTRIMQDFESDTFFPE,136,del,2100,2112,1915,28.0,33.0,32.0,29.0,24.0,15.0
MVWIVGGSSVYKEAMNHPGHLKLFVGTRIMQDFESDTFFPE,136,ins,1807,1927,1777,35.0,37.0,34.0,22.0,32.0,28.0
MVWIVGGSSVYKEAMNHPGHLKLFVTGRIMQDFESDTFFPE,137,ins,2053,2183,2006,35.0,36.0,28.0,11.0,27.0,30.0
MVWIVGGSSVYKEAMNHPGHLKLFVRIMQDFESDTFFPE,137,del,3087,2942,2858,64.0,50.0,54.0,45.0,45.0,39.0
MVWIVGGSSVYKEAMNHPGHLKLFV*RIMQDFESDTFFPE,137,stop,3421,3389,3161,90.0,86.0,72.0,103.0,74.0,45.0
MVWIVGGSSVYKEAMNHPGHLKLFVTRIMQDFESDTFFPE,137,syn,3308,3351,3191,5799.0,5931.0,5813.0,6851.0,5749.0,3828.0
MVWIVGGSSVYKEAMNHPGHLKLFVTIMQDFESDTFFPE,138,del,3856,3580,3407,73.0,71.0,61.0,53.0,56.0,35.0
MVWIVGGSSVYKEAMNHPGHLKLFVT*IMQDFESDTFFPE,138,stop,4110,3933,3740,126.0,113.0,120.0,122.0,107.0,75.0
MVWIVGGSSVYKEAMNHPGHLKLFVTRIMQDFESDTFFPE,138,syn,4285,4153,4035,8452.0,8303.0,8274.0,9785.0,8341.0,5540.0
MVWIVGGSSVYKEAMNHPGHLKLFVTRGIMQDFESDTFFPE,138,ins,1412,1418,1360,14.0,13.0,28.0,11.0,14.0,12.0
MVWIVGGSSVYKEAMNHPGHLKLFVTRIMQDFESDTFFPE,139,syn,3315,3376,3317,6017.0,5907.0,6253.0,7145.0,6079.0,4183.0
MVWIVGGSSVYKEAMNHPGHLKLFVTRMQDFESDTFFPE,139,del,3394,3240,3029,107.0,110.0,92.0,51.0,49.0,34.0
MVWIVGGSSVYKEAMNHPGHLKLFVTR*MQDFESDTFFPE,139,stop,3426,3394,3287,107.0,80.0,96.0,92.0,76.0,66.0
MVWIVGGSSVYKEAMNHPGHLKLFVTRIGMQDFESDTFFPE,139,ins,2790,2758,2627,286.0,282.0,277.0,41.0,44.0,28.0
MVWIVGGSSVYKEAMNHPGHLKLFVTRIQDFESDTFFPE,140,del,4196,4023,3805,528.0,520.0,560.0,58.0,46.0,52.0
MVWIVGGSSVYKEAMNHPGHLKLFVTRI*QDFESDTFFPE,140,stop,5632,5516,5450,167.0,159.0,123.0,113.0,116.0,86.0
MVWIVGGSSVYKEAMNHPGHLKLFVTRIMGQDFESDTFFPE,140,ins,4174,4116,3916,5811.0,5814.0,5848.0,4081.0,3707.0,2469.0
MVWIVGGSSVYKEAMNHPGHLKLFVTRIMDFESDTFFPE,141,del,3574,3250,3226,776.0,665.0,689.0,47.0,53.0,40.0
MVWIVGGSSVYKEAMNHPGHLKLFVTRIM*DFESDTFFPE,141,stop,4076,3971,3886,121.0,140.0,141.0,137.0,116.0,81.0
MVWIVGGSSVYKEAMNHPGHLKLFVTRIMQDFESDTFFPE,141,syn,2529,2451,2377,4295.0,4130.0,4171.0,5032.0,4236.0,2683.0
MVWIVGGSSVYKEAMNHPGHLKLFVTRIMQGDFESDTFFPE,141,ins,3435,3477,3285,3392.0,3528.0,3483.0,335.0,312.0,189.0
MVWIVGGSSVYKEAMNHPGHLKLFVTRIMQFESDTFFPE,142,del,1191,1090,1047,37.0,44.0,41.0,24.0,12.0,11.0
MVWIVGGSSVYKEAMNHPGHLKLFVTRIMQDFESDTFFPE,142,syn,2907,2818,2760,6059.0,5953.0,6290.0,7145.0,6301.0,4043.0
MVWIVGGSSVYKEAMNHPGHLKLFVTRIMQ*FESDTFFPE,142,stop,1385,1363,1375,35.0,36.0,31.0,20.0,29.0,16.0
MVWIVGGSSVYKEAMNHPGHLKLFVTRIMQDGFESDTFFPE,142,ins,980,997,995,922.0,924.0,921.0,209.0,205.0,142.0
MVWIVGGSSVYKEAMNHPGHLKLFVTRIMQD*ESDTFFPE,143,stop,2170,2111,2086,63.0,46.0,44.0,32.0,54.0,26.0
MVWIVGGSSVYKEAMNHPGHLKLFVTRIMQDFESDTFFPE,143,syn,2006,1926,1932,2745.0,2764.0,2720.0,3249.0,2674.0,1682.0
MVWIVGGSSVYKEAMNHPGHLKLFVTRIMQDFGESDTFFPE,143,ins,1665,1754,1622,1804.0,1806.0,1801.0,500.0,472.0,264.0
MVWIVGGSSVYKEAMNHPGHLKLFVTRIMQDESDTFFPE,143,del,2328,2215,2070,713.0,687.0,694.0,30.0,43.0,29.0
MVWIVGGSSVYKEAMNHPGHLKLFVTRIMQDFSDTFFPE,144,del,2129,2018,1918,35.0,57.0,46.0,29.0,27.0,20.0
MVWIVGGSSVYKEAMNHPGHLKLFVTRIMQDFESDTFFPE,144,syn,1804,1837,1710,2809.0,2807.0,2748.0,3368.0,2765.0,1927.0
MVWIVGGSSVYKEAMNHPGHLKLFVTRIMQDF*SDTFFPE,144,stop,2454,2411,2278,112.0,79.0,92.0,99.0,100.0,69.0
MVWIVGGSSVYKEAMNHPGHLKLFVTRIMQDFEGSDTFFPE,144,ins,1700,1626,1590,1908.0,2016.0,1972.0,1326.0,1159.0,705.0
MVWIVGGSSVYKEAMNHPGHLKLFVTRIMQDFEDTFFPE,145,del,2710,2622,2603,75.0,83.0,67.0,30.0,41.0,23.0
MVWIVGGSSVYKEAMNHPGHLKLFVTRIMQDFESGDTFFPE,145,ins,2554,2571,2452,684.0,572.0,544.0,37.0,43.0,18.0
MVWIVGGSSVYKEAMNHPGHLKLFVTRIMQDFE*DTFFPE,145,stop,3723,3657,3591,112.0,120.0,131.0,85.0,97.0,63.0
MVWIVGGSSVYKEAMNHPGHLKLFVTRIMQDFESDTFFPE,145,syn,3403,3241,3169,6071.0,5827.0,5984.0,6900.0,5850.0,3799.0
MVWIVGGSSVYKEAMNHPGHLKLFVTRIMQDFES*TFFPE,146,stop,7137,7149,6888,188.0,220.0,203.0,163.0,145.0,112.0
MVWIVGGSSVYKEAMNHPGHLKLFVTRIMQDFESTFFPE,146,del,5571,5332,5156,120.0,111.0,129.0,75.0,82.0,56.0
MVWIVGGSSVYKEAMNHPGHLKLFVTRIMQDFESDGTFFPE,146,ins,5455,5458,5227,1419.0,1390.0,1397.0,67.0,76.0,68.0
MVWIVGGSSVYKEAMNHPGHLKLFVTRIMQDFESDTFFPE,146,syn,6202,6345,6134,11878.0,11785.0,12070.0,13687.0,11953.0,7967.0
MVWIVGGSSVYKEAMNHPGHLKLFVTRIMQDFESDFFPE,147,del,1372,1283,1240,63.0,67.0,59.0,18.0,14.0,12.0
MVWIVGGSSVYKEAMNHPGHLKLFVTRIMQDFESDTFFPE,147,syn,2622,2668,2506,4402.0,4504.0,4495.0,5449.0,4686.0,2940.0
MVWIVGGSSVYKEAMNHPGHLKLFVTRIMQDFESD*FFPE,147,stop,2701,2678,2547,88.0,97.0,77.0,67.0,64.0,41.0
MVWIVGGSSVYKEAMNHPGHLKLFVTRIMQDFESDTGFFPE,147,ins,1709,1679,1636,374.0,394.0,309.0,26.0,27.0,16.0
MVWIVGGSSVYKEAMNHPGHLKLFVTRIMQDFESDTFFPE,148,syn,4208,4095,4032,7353.0,7310.0,7378.0,8728.0,7369.0,4902.0
MVWIVGGSSVYKEAMNHPGHLKLFVTRIMQDFESDT*FPE,148,stop,4584,4444,4303,146.0,118.0,114.0,107.0,120.0,85.0
MVWIVGGSSVYKEAMNHPGHLKLFVTRIMQDFESDTFGFPE,148,ins,2392,2332,2262,254.0,207.0,235.0,26.0,32.0,25.0
MVWIVGGSSVYKEAMNHPGHLKLFVTRIMQDFESDTFPE,148,del,1144,1129,1048,94.0,109.0,84.0,25.0,15.0,15.0
MVWIVGGSSVYKEAMNHPGHLKLFVTRIMQDFESDTFFPE,149,syn,2832,2837,2733,4472.0,4494.0,4475.0,5564.0,4583.0,3110.0
MVWIVGGSSVYKEAMNHPGHLKLFVTRIMQDFESDTFFGPE,149,ins,2275,2256,2135,1717.0,1665.0,1778.0,84.0,106.0,43.0
MVWIVGGSSVYKEAMNHPGHLKLFVTRIMQDFESDTF*PE,149,stop,2516,2517,2428,51.0,52.0,57.0,40.0,35.0,26.0
MVWIVGGSSVYKEAMNHPGHLKLFVTRIMQDFESDTFPE,149,del,3828,3512,3353,322.0,292.0,308.0,60.0,54.0,47.0
MVWIVGGSSVYKEAMNHPGHLKLFVTRIMQDFESDTFFPE,150,syn,1592,1568,1504,2651.0,2734.0,2766.0,3064.0,2742.0,1863.0
MVWIVGGSSVYKEAMNHPGHLKLFVTRIMQDFESDTFFPGE,150,ins,1122,1092,1079,1933.0,1829.0,1803.0,2043.0,1627.0,1161.0
MVWIVGGSSVYKEAMNHPGHLKLFVTRIMQDFESDTFFE,150,del,958,932,946,1228.0,1254.0,1219.0,1510.0,1302.0,846.0
MVWIVGGSSVYKEAMNHPGHLKLFVTRIMQDFESDTFF*E,150,stop,940,964,985,24.0,21.0,21.0,17.0,17.0,20.0
MVWIVGGSSVYKEAMNHPGHLKLFVTRIMQDFESDTFFPE,151,syn,3424,3364,3270,6249.0,6428.0,6364.0,7549.0,6205.0,4300.0
MVWIVGGSSVYKEAMNHPGHLKLFVTRIMQDFESDTFFP*,151,stop,5190,5104,4886,154.0,118.0,156.0,166.0,143.0,75.0
MVWIVGGSSVYKEAMNHPGHLKLFVTRIMQDFESDTFFP,151,del,3428,3311,3107,6078.0,5975.0,6111.0,6996.0,6037.0,3970.0
MVWIVGGSSVYKEAMNHPGHLKLFVTRIMQDFESDTFFPEG,151,ins,1560,1646,1572,1895.0,1995.0,1948.0,1189.0,1041.0,672.0
